date,value
2020-04-30 16:56:41.517,1
2020-04-30 17:06:03.090,1
2020-04-30 18:51:56.647,1
2020-05-04 16:12:15.230,1
2020-05-04 16:12:15.247,4
2020-05-04 16:12:15.310,1
2020-05-04 16:25:20.920,6
2020-05-04 16:36:31.903,6
2020-05-04 16:51:00.737,3
2020-05-04 17:24:34.543,3
2020-05-04 17:24:34.560,1
2020-05-04 17:32:50.313,4
2020-05-04 17:33:06.657,4
2020-05-04 17:52:33.360,4
2020-05-04 18:01:18.803,3
2020-05-04 18:01:18.867,1
2020-05-04 18:02:49.210,3
2020-05-04 18:02:49.223,3
2020-05-04 18:26:49.363,3
2020-05-04 18:26:49.380,3
2020-05-04 18:27:17.633,4
2020-05-04 18:46:12.310,3
2020-05-04 18:51:37.740,3
2020-05-04 18:54:25.663,3
2020-05-04 19:17:57.487,3
2020-05-04 19:21:39.863,3
2020-05-04 19:28:25.000,3
2020-05-04 19:35:15.100,3
2020-05-04 19:38:10.600,3
2020-05-04 19:38:24.193,6
2020-05-04 20:16:37.113,5
2020-05-04 20:18:29.930,1
2020-05-04 20:18:29.943,2
2020-05-04 20:18:29.960,3
2020-05-04 20:20:31.537,3
2020-05-04 20:20:31.553,1
2020-05-04 20:22:20.723,5
2020-05-04 20:48:25.857,6
2020-05-04 21:18:40.537,6
2020-05-04 21:19:37.333,3
2020-05-04 21:19:37.350,1
2020-05-04 21:19:37.363,2
2020-05-04 21:21:17.990,2
2020-05-04 21:21:18.007,4
2020-05-04 21:21:41.613,4
2020-05-04 21:21:41.630,2
2020-05-04 21:24:37.443,2
2020-05-04 21:24:37.460,4
2020-05-05 00:00:00.000,32
2020-05-05 10:41:42.657,1
2020-05-05 10:43:09.953,3
2020-05-05 11:21:04.320,1
2020-05-05 13:32:53.443,1
2020-05-05 22:23:09.037,6
2020-05-05 22:31:09.270,6
2020-05-05 22:32:02.210,6
2020-05-05 22:58:51.893,6
2020-05-05 23:05:26.003,6
2020-05-05 23:07:36.143,6
2020-05-05 23:20:38.893,6
2020-05-06 00:00:00.000,541
2020-05-06 00:13:52.853,1
2020-05-06 00:13:53.340,1
2020-05-06 00:13:53.353,1
2020-05-06 00:13:53.417,1
2020-05-06 00:13:53.433,1
2020-05-06 00:13:53.480,1
2020-05-06 12:09:01.363,1
2020-05-06 12:52:29.323,1
2020-05-07 00:00:00.000,321
2020-05-07 05:01:23.253,1
2020-05-07 05:09:48.783,1
2020-05-07 05:11:57.113,1
2020-05-07 08:21:09.563,2
2020-05-07 10:33:43.137,1
2020-05-07 10:36:52.820,1
2020-05-07 10:38:22.190,1
2020-05-07 10:39:57.067,3
2020-05-07 10:41:12.977,3
2020-05-07 11:47:50.680,1
2020-05-07 13:05:44.063,1
2020-05-07 19:32:04.180,2
2020-05-07 23:36:42.400,1
2020-05-07 23:58:44.030,1
2020-05-08 00:00:00.000,138
2020-05-08 09:44:04.563,1
2020-05-08 09:59:00.073,4
2020-05-08 10:01:26.567,2
2020-05-08 10:03:27.067,5
2020-05-08 10:04:49.040,4
2020-05-08 10:06:00.687,1
2020-05-08 10:15:35.747,1
2020-05-08 15:37:56.790,1
2020-05-08 16:05:26.927,1
2020-05-08 16:26:00.817,1
2020-05-11 10:08:39.510,1
2020-05-11 10:12:06.290,1
2020-05-11 10:23:10.670,1
2020-05-11 10:30:09.127,1
2020-05-11 10:56:34.780,1
2020-05-11 11:19:40.907,1
2020-05-11 11:35:52.813,2
2020-05-11 11:43:21.157,1
2020-05-11 11:43:38.390,1
2020-05-11 11:51:04.717,1
2020-05-11 11:55:14.257,1
2020-05-11 11:55:20.693,1
2020-05-11 11:59:01.760,1
2020-05-11 12:00:07.930,1
2020-05-11 13:08:25.797,1
2020-05-11 14:52:17.417,5
2020-05-11 14:53:16.110,5
2020-05-11 14:57:26.800,5
2020-05-11 15:35:09.627,5
2020-05-11 15:43:49.713,1
2020-05-11 16:50:17.107,1
2020-05-11 20:22:32.753,5
2020-05-11 20:23:40.727,5
2020-05-12 10:18:13.043,1
2020-05-12 13:11:57.730,1
2020-05-12 13:11:57.747,4
2020-05-12 13:16:08.190,1
2020-05-12 13:16:08.203,4
2020-05-12 13:17:26.420,5
2020-05-12 13:20:04.173,5
2020-05-12 13:21:11.073,5
2020-05-12 13:28:32.663,5
2020-05-12 13:36:14.277,5
2020-05-12 14:59:24.970,2
2020-05-12 14:59:24.983,3
2020-05-12 14:59:54.403,5
2020-05-12 15:03:38.030,4
2020-05-12 15:03:38.047,1
2020-05-12 17:54:54.523,5
2020-05-12 17:56:01.790,5
2020-05-12 17:57:07.027,3
2020-05-12 17:57:07.057,1
2020-05-13 00:00:00.000,107
2020-05-13 09:40:58.307,1
2020-05-13 10:26:32.760,5
2020-05-13 10:59:32.880,5
2020-05-13 10:59:32.897,1
2020-05-13 10:59:43.393,6
2020-05-13 11:12:59.417,4
2020-05-13 11:12:59.433,2
2020-05-13 12:03:01.680,6
2020-05-13 20:29:21.837,2
2020-05-13 23:01:18.457,1
2020-05-13 23:01:18.473,2
2020-05-13 23:01:18.490,3
2020-05-13 23:02:05.787,1
2020-05-13 23:02:05.803,5
2020-05-13 23:03:05.157,6
2020-05-13 23:07:36.047,6
2020-05-13 23:08:14.563,6
2020-05-15 12:22:03.677,1
2020-05-15 13:24:28.810,1
2020-05-15 13:24:28.823,4
2020-05-15 13:24:28.840,1
2020-05-15 13:25:29.850,5
2020-05-15 13:25:29.867,1
2020-05-15 13:29:07.747,5
2020-05-15 13:29:07.763,1
2020-05-15 13:34:38.523,4
2020-05-15 13:34:38.537,2
2020-05-15 13:54:02.120,5
2020-05-15 13:54:02.137,1
2020-05-15 14:02:02.227,4
2020-05-15 14:02:02.240,2
2020-05-15 14:04:50.050,3
2020-05-15 14:04:50.063,3
2020-05-15 20:18:28.363,1
2020-05-15 20:18:28.380,5
2020-05-18 09:27:02.950,2
2020-05-18 09:28:16.407,2
2020-05-18 10:43:09.337,1
2020-05-18 12:45:55.787,1
2020-05-19 00:00:00.000,107
2020-05-19 16:41:52.270,4
2020-05-20 02:17:11.033,3
2020-05-20 02:19:40.050,2
2020-05-20 02:21:30.750,3
2020-05-20 02:24:47.877,4
2020-05-20 02:26:28.607,1
2020-05-20 02:50:59.823,4
2020-05-20 02:56:13.557,3
2020-05-20 02:58:50.693,4
2020-05-20 03:00:35.007,4
2020-05-20 03:01:43.643,4
2020-05-21 03:56:29.763,1
2020-05-21 03:59:40.777,1
2020-05-21 04:01:19.460,1
2020-05-21 04:04:33.550,1
2020-05-21 04:15:06.283,1
2020-05-21 11:50:05.567,5
2020-05-21 11:55:33.163,5
2020-05-21 12:14:12.803,5
2020-05-21 12:15:14.153,5
2020-05-21 12:16:55.030,5
2020-05-22 10:12:07.523,1
2020-05-22 10:54:38.253,6
2020-05-22 10:55:09.107,6
2020-05-22 11:07:33.883,6
2020-05-22 11:10:53.740,6
2020-05-22 11:23:55.557,6
2020-05-22 11:30:37.433,6
2020-05-22 11:47:08.470,6
2020-05-22 11:52:59.590,6
2020-05-22 12:00:09.637,6
2020-05-22 12:07:06.290,6
2020-05-22 12:11:46.410,6
2020-05-22 12:12:21.963,6
2020-05-22 12:13:05.563,6
2020-05-22 12:38:57.820,6
2020-05-22 12:42:15.590,6
2020-05-22 12:48:11.967,6
2020-05-22 12:49:46.820,6
2020-05-22 13:04:06.397,6
2020-05-22 13:32:26.543,5
2020-05-22 13:35:33.693,5
2020-05-22 14:01:00.900,5
2020-05-22 14:23:14.070,5
2020-05-22 14:27:07.800,5
2020-05-22 14:46:37.300,5
2020-05-22 18:15:39.987,5
2020-05-27 10:18:06.343,1
2020-05-27 10:20:51.957,1
2020-05-27 10:22:22.543,1
2020-05-27 10:32:33.143,1
2020-05-27 10:32:33.817,1
2020-05-27 10:33:06.997,1
2020-05-27 10:33:07.560,2
2020-05-27 10:33:08.137,1
2020-05-27 10:33:10.870,1
2020-05-27 10:33:11.417,1
2020-05-27 10:33:13.903,1
2020-05-27 10:33:14.463,1
2020-05-27 10:33:17.027,2
2020-05-27 10:33:17.683,2
2020-05-27 10:33:18.230,1
2020-05-27 10:33:18.760,1
2020-05-27 10:33:19.293,1
2020-05-27 10:33:19.917,1
2020-05-27 10:33:20.497,3
2020-05-27 11:53:20.570,5
2020-05-27 12:06:40.787,6
2020-05-27 12:07:27.580,3
2020-05-27 12:07:27.597,3
2020-05-27 12:07:30.730,6
2020-05-27 12:07:33.960,5
2020-05-27 12:07:33.973,1
2020-05-27 12:07:35.943,4
2020-05-27 12:07:35.960,2
2020-05-27 12:07:37.850,6
2020-05-27 12:07:51.917,4
2020-05-27 12:07:53.627,3
2020-05-27 12:07:53.640,1
2020-05-27 12:07:57.307,5
2020-05-27 12:07:58.793,5
2020-05-27 12:08:00.030,5
2020-05-27 12:08:01.770,3
2020-05-27 12:08:01.787,2
2020-05-27 12:08:03.607,5
2020-05-27 12:08:07.740,5
2020-05-27 12:08:10.590,5
2020-05-27 12:08:12.053,5
2020-05-27 12:08:14.083,3
2020-05-27 12:08:14.100,2
2020-05-27 12:08:15.710,5
2020-05-27 12:08:17.197,5
2020-05-27 12:08:18.680,3
2020-05-27 12:08:18.697,2
2020-05-27 12:08:20.167,5
2020-05-27 12:08:23.760,5
2020-05-27 12:08:24.607,4
2020-05-27 12:08:25.150,3
2020-05-27 12:08:25.167,1
2020-05-27 12:08:25.993,5
2020-05-27 12:08:26.517,5
2020-05-27 12:08:27.663,5
2020-05-27 12:08:28.173,5
2020-05-27 12:08:29.183,5
2020-05-27 12:08:31.783,2
2020-05-27 12:08:31.800,1
2020-05-27 12:08:31.803,2
2020-05-27 12:08:33.493,5
2020-05-27 12:08:35.933,4
2020-05-27 12:08:35.947,1
2020-05-27 12:08:38.467,3
2020-05-27 12:08:38.483,2
2020-05-27 12:08:40.610,2
2020-05-27 12:08:40.627,3
2020-05-27 12:08:42.670,5
2020-05-27 12:08:45.330,2
2020-05-27 12:08:45.347,3
2020-05-27 12:18:31.973,5
2020-05-27 12:21:02.613,5
2020-05-27 12:21:37.667,5
2020-05-27 12:32:11.723,5
2020-05-27 12:36:35.987,3
2020-05-27 12:36:36.000,2
2020-05-27 12:37:27.360,5
2020-05-27 12:37:49.130,5
2020-05-27 12:38:55.787,5
2020-05-27 12:43:16.613,6
2020-05-27 12:45:35.170,6
2020-05-27 12:47:54.217,6
2020-05-27 12:49:26.890,6
2020-05-27 13:00:02.263,6
2020-05-27 13:41:41.893,6
2020-05-27 13:42:42.200,6
2020-05-27 13:42:55.993,6
2020-05-27 13:46:53.117,6
2020-05-27 13:58:17.220,6
2020-05-27 14:02:46.107,6
2020-05-27 14:16:38.423,6
2020-05-27 14:28:36.850,6
2020-05-27 15:19:28.820,6
2020-05-27 15:23:25.947,6
2020-05-27 15:30:13.167,6
2020-05-27 15:33:52.660,6
2020-05-27 15:37:13.860,6
2020-05-27 15:39:10.953,6
2020-05-27 16:17:16.053,6
2020-05-27 17:13:02.740,6
2020-05-27 17:13:13.457,5
2020-05-27 17:13:13.470,1
2020-05-27 17:13:16.183,6
2020-05-27 17:13:18.987,6
2020-05-27 17:13:20.817,6
2020-05-27 17:13:22.650,2
2020-05-27 17:13:22.667,4
2020-05-27 17:13:24.680,4
2020-05-27 17:13:26.060,3
2020-05-27 17:13:26.073,1
2020-05-27 17:13:27.887,5
2020-05-27 17:13:28.780,5
2020-05-27 17:13:29.763,5
2020-05-27 17:13:31.157,3
2020-05-27 17:13:31.173,2
2020-05-27 17:13:32.727,5
2020-05-27 17:13:34.850,3
2020-05-27 17:13:34.867,2
2020-05-27 17:13:36.670,5
2020-05-27 17:13:38.163,5
2020-05-27 17:13:40.513,5
2020-05-27 17:13:42.157,2
2020-05-27 17:13:42.170,3
2020-05-27 17:13:43.630,5
2020-05-27 17:13:44.973,1
2020-05-27 17:13:44.990,4
2020-05-27 17:13:46.287,1
2020-05-27 17:13:46.303,4
2020-05-27 17:13:50.130,3
2020-05-27 17:13:50.147,2
2020-05-27 17:13:50.833,4
2020-05-27 17:13:51.507,1
2020-05-27 17:13:51.523,3
2020-05-27 17:13:52.217,5
2020-05-27 17:13:52.837,4
2020-05-27 17:13:52.850,1
2020-05-27 17:13:53.543,5
2020-05-27 17:13:54.197,1
2020-05-27 17:13:54.213,4
2020-05-27 17:13:55.007,5
2020-05-27 17:13:57.620,2
2020-05-27 17:13:57.637,3
2020-05-27 17:13:59.153,5
2020-05-27 17:14:01.997,5
2020-05-27 17:14:04.760,5
2020-05-27 17:14:07.747,3
2020-05-27 17:14:07.760,2
2020-05-27 17:14:09.357,5
2020-05-27 17:14:12.167,3
2020-05-27 17:14:12.183,2
2020-05-27 17:27:00.670,1
2020-05-27 17:27:00.687,5
2020-05-27 17:27:14.570,1
2020-05-27 17:27:14.583,5
2020-05-27 17:27:40.330,2
2020-05-27 17:27:40.343,4
2020-05-27 17:29:46.857,6
2020-05-27 17:37:25.860,6
2020-05-27 17:37:25.883,6
2020-05-27 17:37:59.143,6
2020-05-27 17:41:29.867,6
2020-05-27 17:50:06.787,6
2020-05-27 17:55:00.790,6
2020-05-27 17:55:05.567,6
2020-05-27 17:55:31.003,6
2020-05-27 17:55:41.730,6
2020-05-27 17:55:58.663,6
2020-05-27 17:56:25.663,6
2020-05-27 18:00:19.127,6
2020-05-27 18:21:35.617,6
2020-05-27 18:23:15.120,6
2020-05-27 18:36:20.053,6
2020-05-27 20:21:19.327,6
2020-05-27 20:31:07.930,6
2020-05-27 20:32:19.727,6
2020-05-27 20:33:17.607,6
2020-05-27 20:33:57.607,6
2020-05-27 20:38:06.197,6
2020-05-27 20:39:26.813,6
2020-05-27 20:40:34.900,6
2020-05-27 20:41:19.187,6
2020-05-28 11:56:26.177,6
2020-05-28 11:57:15.700,6
2020-05-28 16:43:46.100,1
2020-06-01 00:00:00.000,416
2020-06-01 15:56:27.950,1
2020-06-01 17:12:55.230,1
2020-06-03 00:00:00.000,115
2020-06-03 14:33:25.330,6
2020-06-03 16:14:55.770,1
2020-06-03 16:15:23.007,1
2020-06-03 16:17:12.713,2
2020-06-03 16:28:53.850,1
2020-06-03 16:29:08.353,1
2020-06-03 16:29:23.713,2
2020-06-03 16:40:54.970,1
2020-06-03 16:42:27.723,1
2020-06-03 16:42:43.647,2
2020-06-03 17:12:53.940,2
2020-06-04 00:00:00.000,230
2020-06-04 19:32:06.257,2
2020-06-05 15:56:25.270,1
2020-06-05 15:56:27.203,2
2020-06-05 16:09:07.810,1
2020-06-05 16:25:28.943,2
2020-06-06 17:12:54.670,2
2020-06-07 16:09:05.777,1
2020-06-08 13:42:00.980,1
2020-06-08 13:47:31.167,1
2020-06-08 15:56:25.610,1
2020-06-08 15:56:27.517,1
2020-06-08 15:56:28.220,1
2020-06-08 15:56:31.787,1
2020-06-08 15:56:32.097,1
2020-06-08 15:56:32.133,1
2020-06-08 16:01:39.313,1
2020-06-08 16:01:39.580,1
2020-06-08 16:01:39.607,2
2020-06-08 16:09:06.223,1
2020-06-08 16:09:06.510,1
2020-06-08 16:09:06.770,1
2020-06-08 16:09:08.037,1
2020-06-08 16:09:11.923,1
2020-06-08 16:09:12.193,1
2020-06-08 16:09:12.217,2
2020-06-08 17:12:54.430,1
2020-06-08 17:12:54.960,1
2020-06-08 17:12:55.493,1
2020-06-08 17:12:58.687,1
2020-06-08 17:12:59.010,1
2020-06-08 17:12:59.030,1
2020-06-08 17:12:59.033,1
2020-06-10 13:09:16.937,1
2020-06-10 16:00:10.213,1
2020-06-11 16:01:01.853,1
2020-06-11 16:04:03.167,1
2020-06-11 16:07:48.600,1
2020-06-11 16:09:26.837,1
2020-06-11 16:11:01.013,1
2020-06-11 16:14:36.460,1
2020-06-11 16:18:41.673,1
2020-06-11 16:22:32.240,1
2020-06-11 16:23:00.503,1
2020-06-11 21:48:41.170,1
2020-06-15 15:23:19.820,7
2020-06-15 15:23:49.273,7
2020-06-15 16:03:57.780,2
2020-06-15 16:18:01.273,2
2020-06-15 16:50:16.553,2
2020-06-15 16:51:38.257,2
2020-06-15 16:52:59.600,6
2020-06-15 17:43:02.467,2
2020-06-15 19:05:15.897,6
2020-06-15 19:26:57.437,6
2020-06-15 19:28:56.707,6
2020-06-15 19:29:43.507,6
2020-06-16 14:27:25.390,2
2020-06-16 15:06:08.633,2
2020-06-16 15:07:41.210,2
2020-06-16 15:29:47.407,2
2020-06-17 08:58:43.077,1
2020-06-17 08:59:06.707,1
2020-06-17 08:59:36.440,1
2020-06-17 09:00:25.863,1
2020-06-17 17:29:13.757,2
2020-06-17 17:32:58.363,1
2020-06-17 17:47:07.893,1
2020-06-17 17:47:26.920,1
2020-06-17 18:19:52.203,1
2020-06-17 18:36:11.477,1
2020-06-17 18:36:34.087,1
2020-06-17 18:36:50.707,1
2020-06-18 14:14:22.217,1
2020-06-18 14:24:28.647,1
2020-06-18 14:47:37.207,1
2020-06-18 14:48:40.497,1
2020-06-18 15:14:36.910,1
2020-06-18 15:18:07.723,1
2020-06-18 15:18:23.690,1
2020-06-18 15:19:11.667,1
2020-06-18 15:20:22.993,1
2020-06-18 15:21:25.810,1
2020-06-18 15:22:37.180,1
2020-06-18 15:29:23.967,1
2020-06-18 15:31:20.813,1
2020-06-18 15:41:02.890,1
2020-06-18 15:42:56.800,1
2020-06-18 15:46:03.323,1
2020-06-18 15:51:27.453,1
2020-06-18 16:47:22.273,1
2020-06-23 00:00:00.000,62
2020-06-23 14:15:01.187,6
2020-06-23 14:42:56.193,6
2020-06-23 14:43:10.887,1
2020-06-23 14:43:10.900,5
2020-06-23 14:43:15.007,6
2020-06-23 14:43:18.603,3
2020-06-23 14:43:18.620,3
2020-06-23 14:43:20.560,5
2020-06-23 14:43:20.573,1
2020-06-23 14:43:22.387,4
2020-06-23 14:43:22.403,2
2020-06-23 14:43:25.357,3
2020-06-23 14:43:25.370,1
2020-06-23 14:43:26.860,4
2020-06-23 14:43:29.177,5
2020-06-23 14:43:32.813,2
2020-06-23 14:43:32.830,3
2020-06-23 14:43:35.207,5
2020-06-23 14:43:37.673,1
2020-06-23 14:43:37.690,4
2020-06-23 14:43:39.550,5
2020-06-23 14:43:42.887,2
2020-06-23 14:43:42.903,3
2020-06-23 14:43:45.303,5
2020-06-23 14:43:47.327,5
2020-06-23 14:43:49.347,5
2020-06-23 14:43:51.220,2
2020-06-23 14:43:51.237,3
2020-06-23 14:43:52.720,5
2020-06-23 14:43:54.137,4
2020-06-23 14:43:54.150,1
2020-06-23 14:43:55.417,5
2020-06-23 14:43:56.777,4
2020-06-23 14:43:56.790,1
2020-06-23 14:44:00.037,5
2020-06-23 14:44:01.323,5
2020-06-23 14:44:02.287,4
2020-06-23 14:44:03.297,4
2020-06-23 14:44:04.193,5
2020-06-23 14:44:05.330,4
2020-06-23 14:44:05.343,1
2020-06-23 14:44:06.227,5
2020-06-23 14:44:07.203,4
2020-06-23 14:44:07.220,1
2020-06-23 14:44:08.303,5
2020-06-23 14:44:11.423,5
2020-06-23 14:44:13.380,5
2020-06-23 14:44:16.627,2
2020-06-23 14:44:16.703,5
2020-06-23 14:44:19.217,2
2020-06-23 14:44:19.233,3
2020-06-23 14:44:21.660,4
2020-06-23 14:44:21.677,1
2020-06-23 14:44:23.583,5
2020-06-23 14:44:26.470,1
2020-06-23 14:44:26.487,4
2020-06-23 14:44:28.443,5
2020-06-23 14:44:30.850,1
2020-06-23 14:44:30.867,4
2020-06-23 14:44:32.630,5
2020-06-23 14:44:35.040,5
2020-06-23 14:44:37.037,5
2020-06-23 14:44:39.173,2
2020-06-23 14:44:39.190,3
2020-06-23 14:44:41.270,5
2020-06-23 14:44:43.313,5
2020-06-23 14:44:45.137,5
2020-06-23 14:44:47.727,5
2020-06-23 14:46:40.480,1
2020-06-23 14:46:41.777,1
2020-06-23 14:46:44.370,1
2020-06-23 14:46:45.363,2
2020-06-23 14:46:46.153,1
2020-06-23 14:46:46.957,1
2020-06-23 14:46:47.463,1
2020-06-23 14:46:48.223,1
2020-06-23 14:46:48.800,1
2020-06-23 14:46:49.560,2
2020-06-23 14:46:50.097,2
2020-06-23 14:46:50.630,1
2020-06-23 14:46:51.137,1
2020-06-23 14:46:51.737,1
2020-06-23 14:46:52.260,1
2020-06-23 14:46:52.777,3
2020-06-23 15:40:20.310,6
2020-06-23 15:40:23.667,1
2020-06-23 15:40:23.680,5
2020-06-23 15:40:25.833,6
2020-06-23 15:40:29.150,3
2020-06-23 15:40:29.167,3
2020-06-23 15:40:30.963,6
2020-06-23 15:40:32.633,1
2020-06-23 15:40:32.650,5
2020-06-23 15:40:34.513,4
2020-06-23 15:40:36.107,4
2020-06-23 15:40:38.050,5
2020-06-23 15:40:39.217,5
2020-06-23 15:40:40.217,5
2020-06-23 15:40:42.153,4
2020-06-23 15:40:42.170,1
2020-06-23 15:40:43.887,5
2020-06-23 15:40:46.793,5
2020-06-23 15:40:48.427,5
2020-06-23 15:40:51.183,1
2020-06-23 15:40:51.200,4
2020-06-23 15:40:53.630,5
2020-06-23 15:40:56.060,4
2020-06-23 15:40:56.073,1
2020-06-23 15:40:57.960,5
2020-06-23 15:40:59.490,2
2020-06-23 15:40:59.507,3
2020-06-23 15:41:00.923,2
2020-06-23 15:41:00.940,3
2020-06-23 15:41:02.380,3
2020-06-23 15:41:02.393,2
2020-06-23 15:41:05.683,5
2020-06-23 15:41:07.397,2
2020-06-23 15:41:07.410,3
2020-06-23 15:41:08.327,4
2020-06-23 15:41:10.317,1
2020-06-23 15:41:10.333,3
2020-06-23 15:41:11.207,5
2020-06-23 15:41:12.613,4
2020-06-23 15:41:12.630,1
2020-06-23 15:41:13.513,5
2020-06-23 15:41:14.920,4
2020-06-23 15:41:14.937,1
2020-06-23 15:41:15.880,5
2020-06-23 15:41:19.860,1
2020-06-23 15:41:19.873,4
2020-06-23 15:41:21.577,5
2020-06-23 15:41:25.020,2
2020-06-23 15:41:25.037,3
2020-06-23 15:41:27.377,4
2020-06-23 15:41:27.390,1
2020-06-23 15:41:29.530,2
2020-06-23 15:41:29.547,3
2020-06-23 15:41:31.420,5
2020-06-23 15:41:35.107,3
2020-06-23 15:41:35.123,2
2020-06-23 15:41:37.037,5
2020-06-23 15:41:40.063,2
2020-06-23 15:41:40.080,3
2020-06-23 15:41:41.787,5
2020-06-23 15:41:45.113,2
2020-06-23 15:41:45.130,3
2020-06-23 15:41:47.207,5
2020-06-23 15:41:49.823,4
2020-06-23 15:41:49.840,1
2020-06-23 15:41:51.660,5
2020-06-23 15:41:54.150,3
2020-06-23 15:41:54.167,2
2020-06-23 15:41:55.787,5
2020-06-23 15:41:58.610,3
2020-06-23 15:41:58.627,2
2020-06-24 00:00:00.000,117
2020-06-24 20:52:08.073,3
2020-06-24 20:58:15.783,1
2020-06-24 21:00:14.440,1
2020-06-24 21:00:43.707,1
2020-06-25 15:00:50.793,1
2020-06-25 15:44:36.070,8
2020-06-25 15:47:36.327,6
2020-06-25 15:48:24.177,8
2020-06-25 15:49:09.650,6
2020-06-25 16:20:46.457,6
2020-06-25 16:21:59.177,6
2020-06-25 16:23:16.027,2
2020-06-25 16:23:51.497,3
2020-06-25 16:24:18.783,6
2020-06-25 16:56:46.937,1
2020-06-25 16:57:54.357,1
2020-06-25 18:02:33.747,2
2020-06-25 18:02:50.480,1
2020-06-26 00:00:00.000,2
2020-06-26 10:47:10.130,1
2020-06-26 10:53:29.383,1
2020-06-26 11:23:57.120,1
2020-06-28 23:03:29.860,1
2020-06-29 13:38:23.383,1
2020-06-29 15:53:30.560,6
2020-06-29 17:14:53.650,6
2020-06-29 17:15:56.420,2
2020-06-29 17:24:18.010,2
2020-06-29 17:24:18.160,2
2020-06-29 18:43:56.060,2
2020-06-29 18:44:34.423,2
2020-06-29 18:49:07.537,2
2020-06-29 18:50:22.490,2
2020-06-29 18:54:16.650,2
2020-06-29 18:58:26.060,2
2020-06-29 19:03:01.017,2
2020-06-29 19:10:01.930,2
2020-06-29 19:10:09.663,2
2020-06-29 19:11:12.493,2
2020-06-29 19:29:22.300,2
2020-06-29 19:34:37.173,6
2020-06-29 19:45:49.840,2
2020-06-29 22:08:40.093,2
2020-06-30 09:31:27.567,2
2020-06-30 09:44:01.717,2
2020-06-30 09:55:54.647,3
2020-06-30 10:25:48.677,2
2020-06-30 12:42:16.943,1
2020-06-30 12:49:31.527,1
2020-06-30 12:56:33.473,2
2020-06-30 13:26:31.587,1
2020-06-30 14:52:10.220,1
2020-06-30 14:56:47.773,2
2020-06-30 14:57:59.030,2
2020-06-30 14:59:27.100,2
2020-06-30 15:05:20.820,1
2020-06-30 15:05:55.647,1
2020-06-30 15:09:16.567,1
2020-06-30 15:20:29.787,1
2020-06-30 15:31:49.580,1
2020-06-30 15:36:51.510,2
2020-07-01 13:36:11.213,2
2020-07-01 13:37:11.367,2
2020-07-01 13:38:47.343,2
2020-07-02 00:00:00.000,1
2020-07-02 14:10:24.950,1
2020-07-07 11:01:22.983,2
2020-07-07 11:01:53.843,2
2020-07-07 11:12:24.327,2
2020-07-07 11:13:50.597,2
2020-07-07 12:04:44.953,2
2020-07-07 12:49:02.060,2
2020-07-07 12:49:35.780,2
2020-07-07 12:50:40.083,2
2020-07-07 12:52:59.240,2
2020-07-07 13:09:25.703,2
2020-07-07 14:52:20.910,1
2020-07-07 14:52:25.017,1
2020-07-07 14:52:34.390,1
2020-07-07 14:52:35.067,2
2020-07-07 14:52:35.610,1
2020-07-07 14:52:37.720,1
2020-07-07 14:52:38.240,1
2020-07-07 14:52:40.253,1
2020-07-07 14:52:40.767,1
2020-07-07 14:52:42.703,2
2020-07-07 14:52:43.223,2
2020-07-07 14:52:43.740,1
2020-07-07 14:52:44.253,1
2020-07-07 14:52:44.813,1
2020-07-07 14:52:45.327,1
2020-07-07 14:52:45.883,3
2020-07-07 18:16:40.283,1
2020-07-07 18:16:51.480,1
2020-07-07 18:19:02.807,1
2020-07-07 18:25:35.407,1
2020-07-07 18:26:18.213,1
2020-07-07 18:28:42.410,1
2020-07-07 18:29:44.453,1
2020-07-07 18:31:06.867,1
2020-07-07 18:32:49.400,1
2020-07-07 18:36:03.343,1
2020-07-07 18:56:02.507,1
2020-07-07 19:17:14.043,1
2020-07-07 19:29:59.250,1
2020-07-07 20:09:31.007,1
2020-07-07 20:12:47.420,1
2020-07-07 20:17:49.907,1
2020-07-07 20:20:33.333,1
2020-07-07 20:23:30.360,1
2020-07-07 20:29:40.797,1
2020-07-07 20:32:23.823,1
2020-07-07 20:33:07.917,1
2020-07-07 20:36:40.537,1
2020-07-07 20:41:07.153,1
2020-07-07 20:43:08.617,1
2020-07-07 21:20:10.840,1
2020-07-07 21:26:09.590,1
2020-07-07 21:28:42.467,1
2020-07-07 21:47:45.123,1
2020-07-07 22:04:42.647,1
2020-07-07 22:05:36.727,1
2020-07-07 22:06:40.037,1
2020-07-07 22:08:18.480,1
2020-07-07 22:09:08.567,1
2020-07-07 22:09:41.327,1
2020-07-07 22:09:56.483,1
2020-07-07 22:10:59.060,1
2020-07-07 22:11:28.360,1
2020-07-07 22:18:22.073,2
2020-07-07 22:21:21.137,2
2020-07-07 22:22:04.167,2
2020-07-07 22:24:58.183,1
2020-07-07 22:41:00.413,1
2020-07-08 10:30:53.013,1
2020-07-08 10:36:48.153,1
2020-07-08 10:38:21.220,1
2020-07-08 10:39:58.393,1
2020-07-08 10:43:10.613,1
2020-07-08 10:43:45.773,1
2020-07-08 10:43:51.407,1
2020-07-08 12:43:35.563,1
2020-07-08 13:53:10.023,1
2020-07-08 14:37:20.640,1
2020-07-08 14:57:55.130,1
2020-07-08 15:13:26.630,1
2020-07-08 16:21:55.670,1
2020-07-09 09:49:33.993,1
2020-07-09 16:15:23.417,5
2020-07-09 16:16:28.613,5
2020-07-09 16:16:36.863,1
2020-07-09 16:18:27.993,1
2020-07-09 16:20:18.263,2
2020-07-09 16:22:53.163,2
2020-07-09 16:29:59.860,2
2020-07-09 16:43:29.690,2
2020-07-09 16:45:00.747,2
2020-07-09 16:46:03.937,5
2020-07-09 16:50:59.837,4
2020-07-09 16:53:05.113,5
2020-07-09 16:53:46.070,5
2020-07-09 16:54:35.353,5
2020-07-13 10:47:51.273,1
2020-07-13 21:51:30.330,5
2020-07-13 21:52:47.587,5
2020-07-13 22:03:32.513,1
2020-07-14 00:00:00.000,3
2020-07-14 13:39:35.190,5
2020-07-14 13:40:21.903,5
2020-07-14 13:43:56.953,5
2020-07-14 13:46:06.873,5
2020-07-14 15:07:51.083,5
2020-07-14 15:08:23.710,5
2020-07-14 15:18:53.993,5
2020-07-14 17:42:05.307,1
2020-07-15 00:00:00.000,178
2020-07-15 10:53:23.093,5
2020-07-15 10:53:38.880,5
2020-07-15 10:58:09.990,5
2020-07-15 10:58:37.697,5
2020-07-15 11:00:06.503,5
2020-07-15 11:04:03.387,5
2020-07-15 11:08:13.643,1
2020-07-15 11:54:38.450,1
2020-07-15 11:55:15.787,1
2020-07-15 12:05:44.190,1
2020-07-15 12:15:11.737,1
2020-07-15 12:15:22.157,1
2020-07-15 12:15:23.470,1
2020-07-15 12:15:24.697,1
2020-07-15 12:15:25.387,1
2020-07-15 12:15:26.080,1
2020-07-15 12:15:26.783,1
2020-07-15 12:15:27.507,1
2020-07-15 12:15:28.197,1
2020-07-15 12:15:28.910,1
2020-07-15 12:15:29.603,1
2020-07-15 12:15:30.293,1
2020-07-15 12:15:31.013,1
2020-07-15 12:15:31.797,1
2020-07-15 12:15:32.483,1
2020-07-15 12:15:33.217,1
2020-07-15 12:15:33.887,1
2020-07-15 12:15:34.637,1
2020-07-15 12:15:35.433,1
2020-07-15 12:15:36.170,1
2020-07-15 12:15:36.873,1
2020-07-15 12:15:37.573,1
2020-07-15 12:15:38.293,1
2020-07-15 12:15:38.993,1
2020-07-15 12:15:39.733,1
2020-07-15 12:15:40.450,1
2020-07-15 12:15:41.170,1
2020-07-15 12:15:41.843,1
2020-07-15 12:15:42.527,1
2020-07-15 12:18:07.360,1
2020-07-15 12:18:08.267,1
2020-07-15 12:18:08.983,1
2020-07-15 12:18:09.683,1
2020-07-15 12:18:10.403,1
2020-07-15 12:18:11.093,1
2020-07-15 12:18:11.733,1
2020-07-15 12:18:12.483,1
2020-07-15 12:18:13.233,1
2020-07-15 12:18:13.970,1
2020-07-15 12:18:14.667,1
2020-07-15 12:18:15.343,1
2020-07-15 12:18:16.030,1
2020-07-15 12:18:16.670,1
2020-07-15 12:18:17.390,1
2020-07-15 12:18:18.110,1
2020-07-15 12:18:19.027,1
2020-07-15 12:18:19.767,1
2020-07-15 12:18:20.467,1
2020-07-15 12:18:21.187,1
2020-07-15 12:18:21.917,1
2020-07-15 12:18:22.653,1
2020-07-15 12:18:23.387,1
2020-07-15 12:18:24.047,1
2020-07-15 12:18:24.780,1
2020-07-15 12:18:25.590,1
2020-07-15 12:18:26.360,1
2020-07-15 12:18:27.110,1
2020-07-15 12:21:03.957,1
2020-07-15 12:21:04.800,1
2020-07-15 12:21:05.503,1
2020-07-15 12:21:06.267,1
2020-07-15 12:21:06.970,1
2020-07-15 12:21:07.720,1
2020-07-15 12:21:08.457,1
2020-07-15 12:21:09.127,1
2020-07-15 12:21:09.830,1
2020-07-15 12:21:10.500,1
2020-07-15 12:21:11.190,1
2020-07-15 12:21:11.907,1
2020-07-15 12:21:12.597,1
2020-07-15 12:21:13.267,1
2020-07-15 12:21:14.017,1
2020-07-15 12:21:14.707,1
2020-07-15 12:21:15.347,1
2020-07-15 12:21:16.033,1
2020-07-15 12:21:16.643,1
2020-07-15 12:21:17.330,1
2020-07-15 12:21:18.003,1
2020-07-15 12:21:18.750,1
2020-07-15 12:21:19.440,1
2020-07-15 12:21:20.190,1
2020-07-15 12:21:20.847,1
2020-07-15 12:21:21.503,1
2020-07-15 12:21:22.157,1
2020-07-15 12:21:22.847,1
2020-07-15 12:21:23.563,1
2020-07-15 12:21:24.253,1
2020-07-15 12:21:24.973,1
2020-07-15 12:21:25.627,1
2020-07-15 12:36:06.887,1
2020-07-15 13:26:19.463,1
2020-07-15 13:27:48.607,1
2020-07-15 14:54:22.560,1
2020-07-15 14:56:52.767,1
2020-07-15 14:57:19.953,1
2020-07-15 14:58:25.503,1
2020-07-15 15:04:08.080,5
2020-07-15 15:09:01.180,2
2020-07-15 15:58:41.390,1
2020-07-15 17:16:25.407,2
2020-07-15 17:17:56.767,1
2020-07-15 17:33:37.450,1
2020-07-16 00:00:00.000,230
2020-07-16 10:22:30.553,1
2020-07-17 10:02:57.693,1
2020-07-20 10:11:12.717,1
2020-07-20 16:12:56.610,1
2020-07-20 16:34:58.687,1
2020-07-21 00:00:00.000,115
2020-07-22 10:35:12.350,1
2020-07-22 10:47:17.030,1
2020-07-22 11:59:41.043,1
2020-07-22 12:05:43.970,1
2020-07-22 12:20:11.170,1
2020-07-22 17:54:37.793,1
2020-07-22 18:22:07.270,1
2020-07-22 18:28:01.810,1
2020-07-22 18:29:15.610,1
2020-07-27 15:13:30.247,1
2020-07-27 18:13:51.517,1
2020-07-27 18:19:57.410,1
2020-07-27 18:20:12.033,1
2020-07-27 18:23:27.270,1
2020-07-27 18:30:43.053,1
2020-07-27 19:12:02.623,1
2020-07-28 00:00:00.000,31
2020-07-28 09:15:43.490,8
2020-07-28 15:06:42.337,1
2020-07-28 15:11:10.683,1
2020-07-28 15:47:46.060,1
2020-07-28 19:42:13.700,1
2020-07-29 00:00:00.000,60
2020-07-29 10:07:33.403,1
2020-07-29 15:54:24.330,1
2020-07-29 15:55:51.590,1
2020-07-29 16:07:49.860,1
2020-07-29 16:08:29.717,1
2020-07-29 16:53:37.283,1
2020-07-30 00:00:00.000,226
2020-07-30 10:15:22.880,2
2020-07-30 10:17:04.703,1
2020-07-30 10:56:10.987,2
2020-07-30 10:56:27.190,3
2020-07-30 10:57:16.453,3
2020-07-30 14:30:55.970,1
2020-07-30 14:35:00.960,1
2020-07-30 14:36:06.240,1
2020-07-30 14:36:32.833,1
2020-07-30 14:43:27.930,1
2020-07-30 14:44:03.940,1
2020-07-30 15:16:24.277,1
2020-07-30 15:17:44.463,1
2020-07-30 15:18:11.880,1
2020-07-31 00:00:00.000,357
2020-07-31 09:37:39.600,1
2020-07-31 10:16:05.307,2
